Model,accuracy_mean,accuracy_std,precision_mean,precision_std,recall_mean,recall_std,f1_mean,f1_std,roc_auc_mean,roc_auc_std
Logistic Regression,0.8642089886081875,0.0068291944346600955,0.8746675645199758,0.01576958343168494,0.8507801762470691,0.009962395198673235,0.8623989947044199,0.005769054119400025,0.9374921774953702,0.005105183645647057
Decision Tree,0.8971787780532774,0.007522916821268336,0.8924258755288994,0.014422167038427938,0.9038119492279085,0.020876016535317357,0.8977980591544947,0.007979978278833783,0.9587312483809921,0.005559378034326529
Random Forest,0.9230133684739826,0.008055989381167982,0.9003865742352073,0.015649686136491557,0.9517353291061756,0.009521000001894422,0.9252176006500618,0.007225003219969237,0.9782954773214738,0.004161292436161518
XGBoost,0.9563224270166861,0.00620956487639797,0.9428326494218882,0.011253675461747466,0.9717935391474077,0.011587224565653162,0.9569940443445454,0.006014599311103867,0.9921527786125711,0.002333946835433946
SVM,0.8626790988272963,0.006220060519254287,0.8767744992363159,0.012786610276442033,0.8443256759410046,0.010426728213261406,0.8601255941261361,0.005739620125506794,0.9380362113314886,0.00465065245303665
