Model,Train_Accuracy,Val_Accuracy,Accuracy,Precision,Recall,F1-Score,ROC-AUC,PR-AUC
Logistic Regression,0.8660774983004759,0.8743068391866913,0.8743068391866913,0.4120603015075377,0.8118811881188119,0.5466666666666666,0.9192176098343778,0.5435799524921444
SVM,0.8665873555404486,0.8743068391866913,0.8743068391866913,0.41025641025641024,0.7920792079207921,0.5405405405405406,0.9225583108769592,0.5681142705185126
Random Forest,0.9551325628823929,0.8974121996303143,0.8974121996303143,0.46794871794871795,0.7227722772277227,0.5680933852140078,0.9140501206083911,0.5903152684298342
Decision Tree,0.9245411284840245,0.8548983364140481,0.8548983364140481,0.34782608695652173,0.6336633663366337,0.44912280701754387,0.86289500509684,0.4512623898413839
XGBoost,0.9938817131203264,0.9094269870609981,0.9094269870609981,0.5145631067961165,0.5247524752475248,0.5196078431372549,0.9104268224987635,0.5925595117008369
