Model,Accuracy,Precision,Recall,F1-Score,ROC-AUC,PR-AUC
Logistic Regression,0.87422934648582,0.4155844155844156,0.8421052631578947,0.5565217391304348,0.9406373075546007,0.6950834951661738
Random Forest,0.906288532675709,0.5,0.7763157894736842,0.6082474226804123,0.9343716433941998,0.6721666860462758
XGBoost,0.9149198520345253,0.5376344086021505,0.6578947368421053,0.591715976331361,0.9307554600787683,0.6848343683155951
SVM,0.872996300863132,0.4140127388535032,0.8552631578947368,0.5579399141630901,0.9362513426423201,0.6893693855268842
